{"W": [[-0.07553872245612674, 0.007747452884223556, -0.04319542491302414, -0.03271789523405973, 0.028439163241577754, -0.13109875745691385, -0.02727719481697109, 0.06445778538678067], [-0.030086328263344862, 0.0038550365975493672, -0.015795482465259657, -0.05425108887401829, 0.20180800294726509, -0.04074256445742694, -0.01374785071980527, 0.030775720470035035], [0.011383339938926304, 0.06918169339202994, 0.13471505296246555, -0.017901708554478903, -0.040454207413736586, -0.06457457964449498, -0.05013670500976438, 0.0367248772214182]], "b": [-0.003246568999535607, 0.012339756213739452, -0.016070004716613278], "scales": [10.0, 4.0, 2.0]}