{"W": [[-0.15075554013681683, -0.10669633431567706, -0.04030222785058772, 0.08467245649173495, -0.15487359997989947, 0.08936394564699773, 0.14952958203038236, 0.03282857680876993], [0.0008628907999037352, 0.05339299195743792, -0.0008919960899043334, -0.08613898757949527, 0.15008579293453875, 0.010638532945545958, 0.10540928226220728, 0.059756922927359936], [0.0622098713712001, 0.06770810458961962, 0.14726529386656412, 0.10813298965479591, -0.08880424007981054, 0.013600059221790587, -0.08025627256367963, 0.0751053293566446]], "b": [-0.003198530640203454, 0.02606643083205039, -0.0023561610129244834], "scales": [10.0, 4.0, 2.0]}