{"W": [[0.11099090184537455, -0.13293379859516674, -0.03297077998878837, 0.09044669197892326, -0.018567539175743754, 0.10780921752630815, -0.12400415082089258, 0.14313751358681795], [0.020856278803008534, 0.020557523962825317, 0.2233961933973178, -0.2467562637386684, 0.02014604915361332, -0.01712594375989143, 0.1589093073359892, -0.2438962460927871], [-0.06902504653990069, 0.10136016590473361, -0.015233741665419177, -0.043353864136112905, 0.13688751804987845, 0.03592504791609538, 0.03736489515855871, 0.02300058927122514]], "b": [0.0013968211468867564, 0.002760214507652713, 0.003596815769264786], "scales": [10.0, 4.0, 2.0]}