{"W": [[0.0395675494112895, -0.19301518259133923, -0.02354347016084038, -0.0806541788712714, 0.13864035840376787, 0.13623145291608452, 0.008419587724558971, 0.11844472702529373], [0.3938283663147515, 0.468478288248755, 0.1446209586595484, 0.20747189589617984, 0.3196277964939003, -0.0632423858994401, 0.09393728200436917, 0.3312807814675085], [-0.10449049043952728, 0.06122188944136835, -0.17855461079844004, 0.08031745456217501, 0.16375626269478957, -0.0588290408053469, 0.006302618714964924, -0.10276516908923895]], "b": [-0.969388852181958, 0.13972753549018432, -1.994998905386312], "scales": [10.0, 4.0, 2.0]}